{"loss":0.15806776486503196,"_timestamp":1.783334633022996e+09,"_wandb":{"runtime":0},"_runtime":0,"_step":7,"acc":0.8019225707935712}